cityName,comment,confirmedCount,confirmedCountRank,confirmedIncr,continents,countryFullName,countryShortCode,countryType,createTime,curedCount,curedIncr,currentConfirmedCount,currentConfirmedIncr,deadCount,deadCountRank,deadIncr,deadRate,deadRateRank,id,incrVo,locationId,modifyTime,operator,provinceId,provinceName,provinceShortName,showRank,sort,statisticsData,suspectedCount,tags
,,3057431,1.0,16474,北美洲,United States of America,USA,2,2020-07-10 00:09:29,953420,16944,1971651,-735,132360,1.0,265,4.32,47.0,4370255.0,"{'currentConfirmedIncr': -735, 'confirmedIncr': 16474, 'curedIncr': 16944, 'deadIncr': 265}",971002,2020-07-10 00:09:29,yehao,8,美国,,True,0.0,https://file1.dxycdn.com/2020/0315/553/3402160512808052518-135.json,0,
,,1716196,2.0,3036,南美洲,Brazil,BRA,2,2020-07-10 00:09:29,1117922,0,530219,2945,68055,2.0,91,3.96,56.0,4370311.0,"{'currentConfirmedIncr': 2945, 'confirmedIncr': 3036, 'curedIncr': 0, 'deadIncr': 91}",973003,2020-07-10 00:09:29,yehao,10,巴西,,True,0.0,https://file1.dxycdn.com/2020/0315/559/3402160538577857305-135.json,0,
,,767296,3.0,24879,亚洲,India,IND,2,2020-07-10 00:09:29,476378,19547,269789,4845,21129,8.0,487,2.75,77.0,4370266.0,"{'currentConfirmedIncr': 4845, 'confirmedIncr': 24879, 'curedIncr': 19547, 'deadIncr': 487}",953003,2020-07-10 00:09:29,yehao,10,印度,,True,0.0,https://file1.dxycdn.com/2020/0315/045/3402160534282889835-135.json,0,
,,287621,7.0,642,欧洲,The United Kingdom,GBR,2,2020-07-10 00:09:29,539,0,242480,557,44602,3.0,85,15.50,4.0,4370361.0,"{'currentConfirmedIncr': 557, 'confirmedIncr': 642, 'curedIncr': 0, 'deadIncr': 85}",961007,2020-07-10 00:09:29,yehao,10,英国,,True,0.0,https://file1.dxycdn.com/2020/0315/364/3402160538577680395-135.json,0,
,,707301,4.0,6509,欧洲,Russian Federation,RUS,2,2020-07-10 00:09:29,481316,8805,215142,-2472,10843,11.0,176,1.53,125.0,4370268.0,"{'currentConfirmedIncr': -2472, 'confirmedIncr': 6509, 'curedIncr': 8805, 'deadIncr': 176}",964006,2020-07-10 00:09:29,yehao,10,俄罗斯,,True,0.0,https://file1.dxycdn.com/2020/0315/629/3402160517102843039-135.json,0,
,,224665,13.0,0,非洲,South Africa,ZAF,2,2020-07-10 00:09:29,106842,0,114223,0,3600,23.0,0,1.60,122.0,4370513.0,"{'currentConfirmedIncr': 0, 'confirmedIncr': 0, 'curedIncr': 0, 'deadIncr': 0}",984011,2020-07-10 00:09:29,yehao,10,南非,,True,0.0,https://file1.dxycdn.com/2020/0315/417/3402160540725164203-135.json,0,
,,312911,5.0,0,南美洲,Peru,PER,2,2020-07-10 00:09:29,204748,0,97030,0,11133,10.0,0,3.55,63.0,4370514.0,"{'currentConfirmedIncr': 0, 'confirmedIncr': 0, 'curedIncr': 0, 'deadIncr': 0}",973008,2020-07-10 00:09:29,yehao,10,秘鲁,,True,0.0,https://file1.dxycdn.com/2020/0315/005/3402160540725341040-135.json,0,
,,240848,12.0,3359,亚洲,Pakistan,PAK,2,2020-07-10 00:09:29,145311,10354,90554,-7056,4983,19.0,61,2.06,100.0,4370310.0,"{'currentConfirmedIncr': -7056, 'confirmedIncr': 3359, 'curedIncr': 10354, 'deadIncr': 61}",953006,2020-07-10 00:09:29,yehao,10,巴基斯坦,,True,0.0,https://file1.dxycdn.com/2020/0315/432/3402160525692777910-135.json,0,
,,175494,17.0,3360,亚洲,Bangladesh,BGD,2,2020-07-10 00:09:29,84544,3706,88712,-387,2238,27.0,41,1.27,133.0,4370570.0,"{'currentConfirmedIncr': -387, 'confirmedIncr': 3360, 'curedIncr': 3706, 'deadIncr': 41}",953001,2020-07-10 00:09:29,yehao,10,孟加拉国,,True,0.0,https://file1.dxycdn.com/2020/0315/485/3402160532135406028-135.json,0,
,,275003,8.0,6995,北美洲,Mexico,MEX,2,2020-07-10 00:09:29,167795,12191,74412,-5978,32796,5.0,782,11.92,8.0,4370323.0,"{'currentConfirmedIncr': -5978, 'confirmedIncr': 6995, 'curedIncr': 12191, 'deadIncr': 782}",971003,2020-07-10 00:09:29,yehao,10,墨西哥,,True,0.0,https://file1.dxycdn.com/2020/0315/566/3402160534282889843-135.json,0,
,,252513,9.0,0,欧洲,Spain,ESP,2,2020-07-10 00:09:29,150376,0,73741,0,28396,7.0,0,11.24,9.0,4370269.0,"{'currentConfirmedIncr': 0, 'confirmedIncr': 0, 'curedIncr': 0, 'deadIncr': 0}",965015,2020-07-10 00:09:29,yehao,10,西班牙,,True,0.0,https://file1.dxycdn.com/2020/0315/812/3402160512807875660-135.json,0,
,,87030,22.0,0,南美洲,Argentina,ARG,2,2020-07-10 00:09:29,13576,0,71760,0,1694,31.0,0,1.94,103.0,4370414.0,"{'currentConfirmedIncr': 0, 'confirmedIncr': 0, 'curedIncr': 0, 'deadIncr': 0}",973001,2020-07-10 00:09:29,yehao,10,阿根廷,,True,0.0,https://file1.dxycdn.com/2020/0315/963/3402160508513085001-135.json,0,
,,128638,19.0,4144,南美洲,Colombia,COL,2,2020-07-10 00:09:29,53634,5753,70477,-1777,4527,22.0,168,3.51,64.0,4370516.0,"{'currentConfirmedIncr': -1777, 'confirmedIncr': 4144, 'curedIncr': 5753, 'deadIncr': 168}",973005,2020-07-10 00:09:29,yehao,10,哥伦比亚,,True,0.0,https://file1.dxycdn.com/2020/0315/269/3402160512808052512-135.json,0,
,,73858,25.0,0,欧洲,Sweden,SWE,2,2020-07-10 00:09:29,4971,0,63405,0,5482,17.0,0,7.42,16.0,4370270.0,"{'currentConfirmedIncr': 0, 'confirmedIncr': 0, 'curedIncr': 0, 'deadIncr': 0}",962005,2020-07-10 00:09:29,yehao,10,瑞典,,True,0.0,https://file1.dxycdn.com/2020/0315/516/3402160512807875646-135.json,0,
,,169473,18.0,0,欧洲,France,FRA,2,2020-07-10 00:09:29,77985,0,61523,0,29965,6.0,0,17.68,2.0,4370252.0,"{'currentConfirmedIncr': 0, 'confirmedIncr': 0, 'curedIncr': 0, 'deadIncr': 0}",961002,2020-07-10 00:09:29,yehao,5,法国,,True,0.0,https://file1.dxycdn.com/2020/0315/929/3402160538577857318-135.json,0,
,,223327,14.0,3183,亚洲,Saudi Arabia,SAU,2,2020-07-10 00:09:29,161096,3046,60131,96,2100,28.0,41,0.94,143.0,4370373.0,"{'currentConfirmedIncr': 96, 'confirmedIncr': 3183, 'curedIncr': 3046, 'deadIncr': 41}",955016,2020-07-10 00:09:29,yehao,10,沙特阿拉伯,,True,0.0,https://file1.dxycdn.com/2020/0315/830/3402160536430373532-135.json,0,
,,63245,29.0,0,南美洲,Ecuador,ECU,2,2020-07-10 00:09:29,5500,0,52872,0,4873,20.0,0,7.70,15.0,4370365.0,"{'currentConfirmedIncr': 0, 'confirmedIncr': 0, 'curedIncr': 0, 'deadIncr': 0}",973006,2020-07-10 00:09:29,yehao,10,厄瓜多尔,,True,0.0,https://file1.dxycdn.com/2020/0315/922/3402160517103019900-135.json,0,
,,78304,24.0,0,非洲,Egypt,EGY,2,2020-07-10 00:09:29,22241,0,52499,0,3564,24.0,0,4.55,44.0,4370283.0,"{'currentConfirmedIncr': 0, 'confirmedIncr': 0, 'curedIncr': 0, 'deadIncr': 0}",981002,2020-07-10 00:09:29,yehao,10,埃及,,True,0.0,https://file1.dxycdn.com/2020/0315/246/3402160540725341003-135.json,0,
,,51754,34.0,1395,亚洲,Philippines,PHL,2,2020-07-10 00:09:29,12813,225,37627,1170,1314,37.0,0,2.53,86.0,4370271.0,"{'currentConfirmedIncr': 1170, 'confirmedIncr': 1395, 'curedIncr': 225, 'deadIncr': 0}",952008,2020-07-10 00:09:29,yehao,10,菲律宾,,True,0.0,https://file1.dxycdn.com/2020/0315/180/3402160512807875628-135.json,0,
,,62210,30.0,87,欧洲,Belgium,BEL,2,2020-07-10 00:09:29,17159,21,35273,64,9778,12.0,2,15.71,3.0,4370282.0,"{'currentConfirmedIncr': 64, 'confirmedIncr': 87, 'curedIncr': 21, 'deadIncr': 2}",961001,2020-07-10 00:09:29,yehao,10,比利时,,True,0.0,https://file1.dxycdn.com/2020/0315/838/3402160514955359353-135.json,0,
,,70736,26.0,2657,亚洲,Indonesia,IDN,2,2020-07-10 00:09:29,32651,1066,34668,1533,3417,25.0,58,4.83,40.0,4370370.0,"{'currentConfirmedIncr': 1533, 'confirmedIncr': 2657, 'curedIncr': 1066, 'deadIncr': 58}",952005,2020-07-10 00:09:29,yehao,10,印度尼西亚,,True,0.0,https://file1.dxycdn.com/2020/0315/308/3402160527840438594-135.json,0,
,,50694,37.0,0,欧洲,Netherlands,NLD,2,2020-07-10 00:09:29,11886,0,32676,0,6132,16.0,0,12.09,7.0,4370317.0,"{'currentConfirmedIncr': 0, 'confirmedIncr': 0, 'curedIncr': 0, 'deadIncr': 0}",961006,2020-07-10 00:09:29,yehao,10,荷兰,,True,0.0,https://file1.dxycdn.com/2020/0315/850/3402160510660568773-135.json,0,
,,40509,40.0,0,南美洲,Bolivia (Plurinational State of),BOL,2,2020-07-10 00:09:29,10358,0,28675,0,1476,35.0,0,3.64,60.0,4370648.0,"{'currentConfirmedIncr': 0, 'confirmedIncr': 0, 'curedIncr': 0, 'deadIncr': 0}",973002,2020-07-10 00:09:29,yehao,10,玻利维亚,,True,0.0,https://file1.dxycdn.com/2020/0315/679/3402160529987745516-135.json,0,
,,106434,20.0,0,北美洲,Canada,CAN,2,2020-07-10 00:09:29,70161,0,27536,0,8737,14.0,0,8.20,14.0,4370259.0,"{'currentConfirmedIncr': 0, 'confirmedIncr': 0, 'curedIncr': 0, 'deadIncr': 0}",971001,2020-07-10 00:09:29,yehao,10,加拿大,,True,0.0,https://file1.dxycdn.com/2020/0315/505/3402160534282712951-135.json,0,
,,67442,27.0,0,亚洲,Iraq,IRQ,2,2020-07-10 00:09:29,37879,0,26784,0,2779,26.0,0,4.12,52.0,4370300.0,"{'currentConfirmedIncr': 0, 'confirmedIncr': 0, 'curedIncr': 0, 'deadIncr': 0}",955008,2020-07-10 00:09:29,yehao,10,伊拉克,,True,0.0,https://file1.dxycdn.com/2020/0315/762/3402160510660568794-135.json,0,
,,51224,36.0,810,欧洲,Ukraine,UKR,2,2020-07-10 00:09:29,23784,2408,26113,-1618,1327,36.0,20,2.59,83.0,4370397.0,"{'currentConfirmedIncr': -1618, 'confirmedIncr': 810, 'curedIncr': 2408, 'deadIncr': 20}",964007,2020-07-10 00:09:29,yehao,10,乌克兰,,True,0.0,https://file1.dxycdn.com/2020/0315/280/3402160525692954803-135.json,0,
,,250458,10.0,2079,亚洲,Iran (Islamic Republic of),IRN,2,2020-07-10 00:09:29,212176,2713,25977,-855,12305,9.0,221,4.91,38.0,4370297.0,"{'currentConfirmedIncr': -855, 'confirmedIncr': 2079, 'curedIncr': 2713, 'deadIncr': 221}",955007,2020-07-10 00:09:29,yehao,10,伊朗,,True,0.0,https://file1.dxycdn.com/2020/0315/596/3402160510660568739-135.json,0,
,,303083,6.0,0,南美洲,Chile,CHL,2,2020-07-10 00:09:29,271703,0,24807,0,6573,15.0,0,2.16,96.0,4370413.0,"{'currentConfirmedIncr': 0, 'confirmedIncr': 0, 'curedIncr': 0, 'deadIncr': 0}",973004,2020-07-10 00:09:29,yehao,10,智利,,True,0.0,https://file1.dxycdn.com/2020/0315/808/3402160527840261646-135.json,0,
,,39334,41.0,0,北美洲,Panama,PAN,2,2020-07-10 00:09:29,15370,0,23194,0,770,43.0,0,1.95,102.0,4370569.0,"{'currentConfirmedIncr': 0, 'confirmedIncr': 0, 'curedIncr': 0, 'deadIncr': 0}",972007,2020-07-10 00:09:29,yehao,10,巴拿马,,True,0.0,https://file1.dxycdn.com/2020/0315/692/3402160525692954763-135.json,0,
,,24665,53.0,0,北美洲,Honduras,HND,2,2020-07-10 00:09:29,1767,0,22242,0,656,46.0,0,2.65,81.0,4370652.0,"{'currentConfirmedIncr': 0, 'confirmedIncr': 0, 'curedIncr': 0, 'deadIncr': 0}",972005,2020-07-10 00:09:29,yehao,10,洪都拉斯,,True,0.0,https://file1.dxycdn.com/2020/0315/610/3402160540725341073-135.json,0,
,,38430,42.0,0,北美洲,Dominican Republic,DOM,2,2020-07-10 00:09:29,16666,0,20943,0,821,42.0,0,2.13,98.0,4370369.0,"{'currentConfirmedIncr': 0, 'confirmedIncr': 0, 'curedIncr': 0, 'deadIncr': 0}",974006,2020-07-10 00:09:29,yehao,10,多米尼加,,True,0.0,https://file1.dxycdn.com/2020/0315/651/3402160506365601251-135.json,0,
,,24787,52.0,0,北美洲,Guatemala,GTM,2,2020-07-10 00:09:29,3123,0,20660,0,1004,38.0,0,4.05,54.0,4370749.0,"{'currentConfirmedIncr': 0, 'confirmedIncr': 0, 'curedIncr': 0, 'deadIncr': 0}",972004,2020-07-10 00:09:29,yehao,10,危地马拉,,True,0.0,https://file1.dxycdn.com/2020/0317/045/3402535547204640218-135.json,0,
,,64003,28.0,0,欧洲,Belarus,BLR,2,2020-07-10 00:09:29,44126,0,19441,0,436,52.0,0,0.68,153.0,4370321.0,"{'currentConfirmedIncr': 0, 'confirmedIncr': 0, 'curedIncr': 0, 'deadIncr': 0}",964001,2020-07-10 00:09:29,yehao,10,白俄罗斯,,True,0.0,https://file1.dxycdn.com/2020/0315/436/3402160510660391933-135.json,0,
,,51725,35.0,1518,亚洲,Oman,OMN,2,2020-07-10 00:09:29,33021,1016,18468,499,236,68.0,3,0.45,164.0,4370304.0,"{'currentConfirmedIncr': 499, 'confirmedIncr': 1518, 'curedIncr': 1016, 'deadIncr': 3}",955013,2020-07-10 00:09:29,yehao,10,阿曼,,True,0.0,https://file1.dxycdn.com/2020/0315/945/3402160506365601313-135.json,0,
,,53021,32.0,1962,亚洲,Kazakhstan,KAZ,2,2020-07-10 00:09:29,35137,18209,17620,-16247,264,64.0,0,0.49,162.0,4370748.0,"{'currentConfirmedIncr': -16247, 'confirmedIncr': 1962, 'curedIncr': 18209, 'deadIncr': 0}",954001,2020-07-10 00:09:29,yehao,10,哈萨克斯坦,,True,0.0,https://file1.dxycdn.com/2020/0316/156/3402290551532568675-135.json,0,
,,45277,39.0,861,欧洲,Portugal,PRT,2,2020-07-10 00:09:29,26083,0,17550,846,1644,33.0,15,3.63,61.0,4370401.0,"{'currentConfirmedIncr': 846, 'confirmedIncr': 861, 'curedIncr': 0, 'deadIncr': 15}",965010,2020-07-10 00:09:29,yehao,10,葡萄牙,,True,0.0,https://file1.dxycdn.com/2020/0315/256/3402160527840261777-135.json,0,
,,30249,49.0,0,非洲,Nigeria,NGA,2,2020-07-10 00:09:29,12373,0,17192,0,684,45.0,0,2.26,92.0,4370318.0,"{'currentConfirmedIncr': 0, 'confirmedIncr': 0, 'curedIncr': 0, 'deadIncr': 0}",982013,2020-07-10 00:09:29,yehao,10,尼日利亚,,True,0.0,https://file1.dxycdn.com/2020/0315/705/3402160532135406075-135.json,0,
,,208938,15.0,0,亚洲,Turkey,TUR,2,2020-07-10 00:09:29,187511,0,16145,0,5282,18.0,0,2.52,87.0,4370645.0,"{'currentConfirmedIncr': 0, 'confirmedIncr': 0, 'curedIncr': 0, 'deadIncr': 0}",955018,2020-07-10 00:09:29,yehao,10,土耳其,,True,0.0,https://file1.dxycdn.com/2020/0315/952/3402160538577680436-135.json,0,
,,33557,45.0,1335,亚洲,Israel,ISR,2,2020-07-10 00:09:29,18338,111,14875,1222,344,59.0,2,1.02,140.0,4370298.0,"{'currentConfirmedIncr': 1222, 'confirmedIncr': 1335, 'curedIncr': 111, 'deadIncr': 2}",955009,2020-07-10 00:09:29,yehao,10,以色列,,True,0.0,https://file1.dxycdn.com/2020/0315/982/3402160514955536220-135.json,0,
,,242149,11.0,0,欧洲,Italy,ITA,2,2020-07-10 00:09:29,193640,0,13595,0,34914,4.0,0,14.41,5.0,4370267.0,"{'currentConfirmedIncr': 0, 'confirmedIncr': 0, 'curedIncr': 0, 'deadIncr': 0}",965008,2020-07-10 00:09:29,yehao,10,意大利,,True,0.0,https://file1.dxycdn.com/2020/0315/993/3402160517102843054-135.json,0,
,,33594,44.0,0,亚洲,Afghanistan,AFG,2,2020-07-10 00:09:29,20700,0,11957,0,937,41.0,0,2.78,75.0,4370303.0,"{'currentConfirmedIncr': 0, 'confirmedIncr': 0, 'curedIncr': 0, 'deadIncr': 0}",955001,2020-07-10 00:09:29,yehao,10,阿富汗,,True,0.0,https://file1.dxycdn.com/2020/0315/904/3402160536430373521-135.json,0,
,,30346,48.0,526,亚洲,Armenia,ARM,2,2020-07-10 00:09:29,18000,573,11811,-61,535,51.0,14,1.76,118.0,4370367.0,"{'currentConfirmedIncr': -61, 'confirmedIncr': 526, 'curedIncr': 573, 'deadIncr': 14}",955002,2020-07-10 00:09:29,yehao,10,亚美尼亚,,True,0.0,https://file1.dxycdn.com/2020/0315/583/3402160508513085016-135.json,0,
,,36951,43.0,262,欧洲,Poland,POL,2,2020-07-10 00:09:29,25477,599,9923,-346,1551,34.0,9,4.19,49.0,4370493.0,"{'currentConfirmedIncr': -346, 'confirmedIncr': 262, 'curedIncr': 599, 'deadIncr': 9}",963006,2020-07-10 00:09:29,yehao,10,波兰,,True,0.0,https://file1.dxycdn.com/2020/0315/811/3402160506365424422-135.json,0,
,,52840,33.0,833,亚洲,Kuwait,KWT,2,2020-07-10 00:09:29,42686,578,9772,252,382,54.0,3,0.72,152.0,4370301.0,"{'currentConfirmedIncr': 252, 'confirmedIncr': 833, 'curedIncr': 578, 'deadIncr': 3}",955011,2020-07-10 00:09:29,yehao,10,科威特,,True,0.0,https://file1.dxycdn.com/2020/0315/529/3402160514955359370-135.json,0,
,,53577,31.0,532,亚洲,United Arab Emirates,ARE,2,2020-07-10 00:09:29,43570,1288,9679,-757,328,61.0,1,0.61,155.0,4370264.0,"{'currentConfirmedIncr': -757, 'confirmedIncr': 532, 'curedIncr': 1288, 'deadIncr': 1}",955019,2020-07-10 00:09:29,yehao,10,阿联酋,,True,0.0,https://file1.dxycdn.com/2020/0315/584/3402160508513084973-135.json,0,
,,16531,61.0,108,亚洲,Nepal,NPL,2,2020-07-10 00:09:29,7891,139,8604,-32,36,116.0,1,0.21,172.0,4370257.0,"{'currentConfirmedIncr': -32, 'confirmedIncr': 108, 'curedIncr': 139, 'deadIncr': 1}",953005,2020-07-10 00:09:29,yehao,10,尼泊尔,,True,0.0,https://file1.dxycdn.com/2020/0315/813/3402160536430196712-135.json,0,
,,8714,74.0,0,北美洲,Puerto Rico,PRI,2,2020-07-10 00:09:30,0,0,8557,0,157,74.0,0,1.80,114.0,4370770.0,"{'currentConfirmedIncr': 0, 'confirmedIncr': 0, 'curedIncr': 0, 'deadIncr': 0}",0,2020-07-10 00:09:30,yehao,10,波多黎各,,True,0.0,https://file1.dxycdn.com/2020/0317/609/3402535581564582783-135.json,0,
,,21374,55.0,0,亚洲,Azerbaijan,AZE,2,2020-07-10 00:09:29,12635,0,8474,0,265,63.0,0,1.23,136.0,4370322.0,"{'currentConfirmedIncr': 0, 'confirmedIncr': 0, 'curedIncr': 0, 'deadIncr': 0}",955003,2020-07-10 00:09:29,yehao,10,阿塞拜疆,,True,0.0,https://file1.dxycdn.com/2020/0315/304/3402160506365424432-135.json,0,
,,18141,59.0,0,欧洲,Republic of Moldova,MDA,2,2020-07-10 00:09:29,9081,0,8456,0,604,49.0,0,3.32,68.0,4370524.0,"{'currentConfirmedIncr': 0, 'confirmedIncr': 0, 'curedIncr': 0, 'deadIncr': 0}",964005,2020-07-10 00:09:29,yehao,10,摩尔多瓦,,True,0.0,https://file1.dxycdn.com/2020/0315/234/3402160527840438516-135.json,0,
,,30175,50.0,0,欧洲,Romania,ROU,2,2020-07-10 00:09:29,20799,0,7559,0,1817,29.0,0,6.02,24.0,4370312.0,"{'currentConfirmedIncr': 0, 'confirmedIncr': 0, 'curedIncr': 0, 'deadIncr': 0}",965011,2020-07-10 00:09:29,yehao,10,罗马尼亚,,True,0.0,https://file1.dxycdn.com/2020/0315/131/3402160534282712963-135.json,0,
,,197783,16.0,442,欧洲,Germany,DEU,2,2020-07-10 00:09:29,182200,0,6535,430,9048,13.0,12,4.57,43.0,4370261.0,"{'currentConfirmedIncr': 430, 'confirmedIncr': 442, 'curedIncr': 0, 'deadIncr': 12}",963003,2020-07-10 00:09:29,yehao,10,德国,,True,0.0,https://file1.dxycdn.com/2020/0315/631/3402160538577680475-135.json,0,
,,20962,56.0,0,欧洲,Serbia,SRB,2,2020-07-10 00:09:29,14338,0,6201,0,423,53.0,0,2.01,101.0,4370512.0,"{'currentConfirmedIncr': 0, 'confirmedIncr': 0, 'curedIncr': 0, 'deadIncr': 0}",965013,2020-07-10 00:09:29,yehao,10,塞尔维亚,,True,0.0,https://file1.dxycdn.com/2020/0315/316/3402160534282712994-135.json,0,
,,8975,70.0,447,非洲,Kenya,KEN,2,2020-07-10 00:09:29,2657,64,6145,379,173,73.0,4,1.92,104.0,4370739.0,"{'currentConfirmedIncr': 379, 'confirmedIncr': 447, 'curedIncr': 64, 'deadIncr': 4}",985005,2020-07-10 00:09:29,yehao,10,肯尼亚,,True,0.0,https://file1.dxycdn.com/2020/0317/555/3402535553647091609-135.json,0,
,,11504,67.0,0,非洲,Cote d Ivoire,CIV,2,2020-07-10 00:09:29,5571,0,5855,0,78,94.0,0,0.67,154.0,4370649.0,"{'currentConfirmedIncr': 0, 'confirmedIncr': 0, 'curedIncr': 0, 'deadIncr': 0}",982004,2020-07-10 00:09:29,yehao,10,科特迪瓦,,True,0.0,https://file1.dxycdn.com/2020/0315/055/3402160534282712929-135.json,0,
,,7411,79.0,0,南美洲,Venezuela,VEN,2,2020-07-10 00:09:29,1649,0,5694,0,68,97.0,0,0.91,145.0,4370751.0,"{'currentConfirmedIncr': 0, 'confirmedIncr': 0, 'curedIncr': 0, 'deadIncr': 0}",0,2020-07-10 00:09:29,yehao,10,委内瑞拉,,True,0.0,https://file1.dxycdn.com/2020/0315/824/3402176468611248153-135.json,0,
,,8847,73.0,361,亚洲,Kyrgyzstan,KGZ,2,2020-07-10 00:09:30,3053,70,5678,287,116,82.0,4,1.31,132.0,4370810.0,"{'currentConfirmedIncr': 287, 'confirmedIncr': 361, 'curedIncr': 70, 'deadIncr': 4}",954002,2020-07-10 00:09:30,yehao,10,吉尔吉斯斯坦,,True,0.0,https://file1.dxycdn.com/2020/0320/298/3403052105069099781-135.json,0,
,,6371,83.0,0,北美洲,The Republic of Haiti,HTI,2,2020-07-10 00:09:30,706,0,5552,0,113,84.0,0,1.77,116.0,4370850.0,"{'currentConfirmedIncr': 0, 'confirmedIncr': 0, 'curedIncr': 0, 'deadIncr': 0}",974008,2020-07-10 00:09:30,yehao,10,海地,,True,0.0,https://file1.dxycdn.com/2020/0323/904/3403608737125411135-135.json,0,
,,5178,90.0,0,南美洲,French Guiana,GUF,2,2020-07-10 00:09:29,0,0,5157,0,21,134.0,0,0.40,168.0,4370740.0,"{'currentConfirmedIncr': 0, 'confirmedIncr': 0, 'curedIncr': 0, 'deadIncr': 0}",0,2020-07-10 00:09:29,yehao,10,法属圭亚那,,True,0.0,https://file1.dxycdn.com/2020/0315/094/3402160504218117592-135.json,0,
,,22822,54.0,0,非洲,Ghana,GHA,2,2020-07-10 00:09:29,17564,0,5129,0,129,78.0,0,0.56,156.0,4370737.0,"{'currentConfirmedIncr': 0, 'confirmedIncr': 0, 'curedIncr': 0, 'deadIncr': 0}",982006,2020-07-10 00:09:29,yehao,10,加纳,,True,0.0,https://file1.dxycdn.com/2020/0315/872/3402176468611675385-135.json,0,
,,45423,38.0,125,亚洲,Singapore,SGP,2,2020-07-10 00:09:29,40441,0,4956,125,26,125.0,0,0.05,174.0,4370250.0,"{'currentConfirmedIncr': 125, 'confirmedIncr': 125, 'curedIncr': 0, 'deadIncr': 0}",952009,2020-07-10 00:09:29,yehao,3,新加坡,,True,0.0,https://file1.dxycdn.com/2020/0315/901/3402160525692777969-135.json,0,
,,30931,47.0,610,亚洲,Bahrain,BHR,2,2020-07-10 00:09:29,26073,494,4758,114,100,88.0,2,0.32,169.0,4370302.0,"{'currentConfirmedIncr': 114, 'confirmedIncr': 610, 'curedIncr': 494, 'deadIncr': 2}",955004,2020-07-10 00:09:29,yehao,10,巴林,,True,0.0,https://file1.dxycdn.com/2020/0315/852/3402160536430196734-135.json,0,
,,102110,21.0,557,亚洲,Qatar,QAT,2,2020-07-10 00:09:29,97272,1165,4696,-612,142,76.0,4,0.13,173.0,4370362.0,"{'currentConfirmedIncr': -612, 'confirmedIncr': 557, 'curedIncr': 1165, 'deadIncr': 4}",955015,2020-07-10 00:09:29,yehao,10,卡塔尔,,True,0.0,https://file1.dxycdn.com/2020/0315/741/3402160510660391882-135.json,0,
,,5092,91.0,0,亚洲,occupied Palestinian territory,PSE,2,2020-07-10 00:09:29,494,0,4576,0,22,132.0,0,0.43,165.0,4370508.0,"{'currentConfirmedIncr': 0, 'confirmedIncr': 0, 'curedIncr': 0, 'deadIncr': 0}",955014,2020-07-10 00:09:29,yehao,10,巴勒斯坦,,True,0.0,https://file1.dxycdn.com/2020/0315/967/3402160532135229211-135.json,0,
,,12685,66.0,0,欧洲,Czechia,CZE,2,2020-07-10 00:09:29,7910,0,4424,0,351,57.0,0,2.76,76.0,4370368.0,"{'currentConfirmedIncr': 0, 'confirmedIncr': 0, 'curedIncr': 0, 'deadIncr': 0}",963002,2020-07-10 00:09:29,yehao,10,捷克,,True,0.0,https://file1.dxycdn.com/2020/0315/497/3402160532135229255-135.json,0,
,,10084,69.0,0,非洲,Sudan,SDN,2,2020-07-10 00:09:29,5074,0,4374,0,636,47.0,0,6.30,20.0,4370750.0,"{'currentConfirmedIncr': 0, 'confirmedIncr': 0, 'curedIncr': 0, 'deadIncr': 0}",981005,2020-07-10 00:09:29,yehao,10,苏丹,,True,0.0,https://file1.dxycdn.com/2020/0315/234/3402176442841870487-135.json,0,
,,6774,82.0,0,非洲,Ethiopia,ETH,2,2020-07-10 00:09:29,2430,0,4224,0,120,80.0,0,1.77,116.0,4370747.0,"{'currentConfirmedIncr': 0, 'confirmedIncr': 0, 'curedIncr': 0, 'deadIncr': 0}",985004,2020-07-10 00:09:29,yehao,10,埃塞俄比亚,,True,0.0,https://file1.dxycdn.com/2020/0315/406/3402176464316707884-135.json,0,
,,11259,68.0,421,亚洲,Uzbekstan,UZB,2,2020-07-10 00:09:30,7060,249,4152,166,47,108.0,6,0.41,167.0,4370769.0,"{'currentConfirmedIncr': 166, 'confirmedIncr': 421, 'curedIncr': 249, 'deadIncr': 6}",954005,2020-07-10 00:09:30,yehao,10,乌兹别克斯坦,,True,0.0,https://file1.dxycdn.com/2020/0317/423/3402535555794575352-135.json,0,
,,7845,77.0,109,非洲,Democratic Republic of the Congo,COD,2,2020-07-10 00:09:29,3513,21,4143,83,189,72.0,5,2.40,88.0,4370646.0,"{'currentConfirmedIncr': 83, 'confirmedIncr': 109, 'curedIncr': 21, 'deadIncr': 5}",0,2020-07-10 00:09:29,yehao,10,刚果（金）,,True,0.0,https://file1.dxycdn.com/2020/0315/118/3402160512808052491-135.json,0,
,,17348,60.0,0,非洲,Algeria,DZA,2,2020-07-10 00:09:29,12329,0,4041,0,978,40.0,0,5.63,28.0,4370307.0,"{'currentConfirmedIncr': 0, 'confirmedIncr': 0, 'curedIncr': 0, 'deadIncr': 0}",981001,2020-07-10 00:09:29,yehao,10,阿尔及利亚,,True,0.0,https://file1.dxycdn.com/2020/0315/112/3402160514955536226-135.json,0,
,,5241,89.0,0,北美洲,Costa Rica,CRI,2,2020-07-10 00:09:29,1280,0,3938,0,23,130.0,0,0.43,165.0,4370515.0,"{'currentConfirmedIncr': 0, 'confirmedIncr': 0, 'curedIncr': 0, 'deadIncr': 0}",972002,2020-07-10 00:09:29,yehao,10,哥斯达黎加,,True,0.0,https://file1.dxycdn.com/2020/0315/133/3402160534282889827-135.json,0,
,,8307,76.0,0,北美洲,The Republic of El Salvador,SLV,2,2020-07-10 00:09:30,4268,0,3810,0,229,69.0,0,2.75,77.0,4370814.0,"{'currentConfirmedIncr': 0, 'confirmedIncr': 0, 'curedIncr': 0, 'deadIncr': 0}",972003,2020-07-10 00:09:30,yehao,10,萨尔瓦多,,True,0.0,https://file1.dxycdn.com/2020/0320/757/3403052105068803877-135.json,0,
,,7406,80.0,0,欧洲,North Macedonia,MKD,2,2020-07-10 00:09:29,3554,0,3493,0,359,55.0,0,4.84,39.0,4370316.0,"{'currentConfirmedIncr': 0, 'confirmedIncr': 0, 'curedIncr': 0, 'deadIncr': 0}",0,2020-07-10 00:09:29,yehao,10,北马其顿,,True,0.0,https://file1.dxycdn.com/2020/0315/506/3402160514955536186-135.json,0,
,,6102,85.0,0,欧洲,Bulgaria,BGR,2,2020-07-10 00:09:29,2475,0,3373,0,254,65.0,0,4.16,50.0,4370523.0,"{'currentConfirmedIncr': 0, 'confirmedIncr': 0, 'curedIncr': 0, 'deadIncr': 0}",965004,2020-07-10 00:09:29,yehao,10,保加利亚,,True,0.0,https://file1.dxycdn.com/2020/0315/249/3402160532135229245-135.json,0,
,,14949,62.0,178,非洲,Morocco,MAR,2,2020-07-10 00:09:29,11372,56,3335,122,242,67.0,0,1.61,121.0,4370399.0,"{'currentConfirmedIncr': 122, 'confirmedIncr': 178, 'curedIncr': 56, 'deadIncr': 0}",981004,2020-07-10 00:09:29,yehao,10,摩洛哥,,True,0.0,https://file1.dxycdn.com/2020/0315/520/3402160510660391844-135.json,0,
,,5871,86.0,128,非洲,Gabon,GAB,2,2020-07-10 00:09:29,2682,108,3143,20,46,110.0,0,0.78,150.0,4370738.0,"{'currentConfirmedIncr': 20, 'confirmedIncr': 128, 'curedIncr': 108, 'deadIncr': 0}",983004,2020-07-10 00:09:29,yehao,10,加蓬,,True,0.0,https://file1.dxycdn.com/2020/0317/439/3402535590154517967-135.json,0,
,,14916,63.0,0,非洲,Cameroon,CMR,2,2020-07-10 00:09:29,11525,1425,3032,-1425,359,55.0,0,2.40,88.0,4370511.0,"{'currentConfirmedIncr': -1425, 'confirmedIncr': 0, 'curedIncr': 1425, 'deadIncr': 0}",983001,2020-07-10 00:09:29,yehao,10,喀麦隆,,True,0.0,https://file1.dxycdn.com/2020/0315/373/3402160506365424402-135.json,0,
,,4109,96.0,0,非洲,Central African Republic,CAF,2,2020-07-10 00:09:29,1050,0,3007,0,52,104.0,0,1.26,135.0,4370767.0,"{'currentConfirmedIncr': 0, 'confirmedIncr': 0, 'curedIncr': 0, 'deadIncr': 0}",983002,2020-07-10 00:09:29,yehao,10,中非共和国,,True,0.0,https://file1.dxycdn.com/2020/0317/940/3402535592301799575-135.json,0,
,,5087,92.0,0,非洲,Mauritania,MRT,2,2020-07-10 00:09:29,1944,0,3004,0,139,77.0,0,2.73,79.0,4370760.0,"{'currentConfirmedIncr': 0, 'confirmedIncr': 0, 'curedIncr': 0, 'deadIncr': 0}",982012,2020-07-10 00:09:29,yehao,10,毛里塔尼亚,,True,0.0,https://file1.dxycdn.com/2020/0316/365/3402290519320312697-135.json,0,
,,5856,87.0,0,欧洲,Bosnia and Herzegovina,BIH,2,2020-07-10 00:09:29,2666,0,2984,0,206,70.0,0,3.51,64.0,4370496.0,"{'currentConfirmedIncr': 0, 'confirmedIncr': 0, 'curedIncr': 0, 'deadIncr': 0}",965003,2020-07-10 00:09:29,yehao,10,波黑,,True,0.0,https://file1.dxycdn.com/2020/0315/908/3402160538577857266-135.json,0,
,,2688,104.0,0,非洲,Mayotte,MYT,2,2020-07-10 00:09:30,0,0,2652,0,36,116.0,0,1.33,129.0,4370773.0,"{'currentConfirmedIncr': 0, 'confirmedIncr': 0, 'curedIncr': 0, 'deadIncr': 0}",0,2020-07-10 00:09:30,yehao,10,马约特,,True,0.0,https://file1.dxycdn.com/2020/0317/329/3402535551499809905-135.json,0,
,,12888,65.0,0,欧洲,Denmark,DNK,2,2020-07-10 00:09:29,9643,0,2636,0,609,48.0,0,4.72,42.0,4370314.0,"{'currentConfirmedIncr': 0, 'confirmedIncr': 0, 'curedIncr': 0, 'deadIncr': 0}",962001,2020-07-10 00:09:29,yehao,10,丹麦,,True,0.0,https://file1.dxycdn.com/2020/0315/831/3402160489185731552-135.json,0,
,,20413,57.0,0,亚洲,Japan,JPN,2,2020-07-10 00:09:29,16959,0,2472,0,982,39.0,0,4.81,41.0,4370253.0,"{'currentConfirmedIncr': 0, 'confirmedIncr': 0, 'curedIncr': 0, 'deadIncr': 0}",951002,2020-07-10 00:09:29,yehao,6,日本,,True,0.0,https://file1.dxycdn.com/2020/0315/220/3402160536430373556-135.json,0,
,,7784,78.0,127,非洲,Senegal,SEN,2,2020-07-10 00:09:29,5169,72,2472,53,143,75.0,2,1.83,110.0,4370398.0,"{'currentConfirmedIncr': 53, 'confirmedIncr': 127, 'curedIncr': 72, 'deadIncr': 2}",982014,2020-07-10 00:09:29,yehao,10,塞内加尔,,True,0.0,https://file1.dxycdn.com/2020/0315/435/3402160508513085044-135.json,0,
,,3071,102.0,0,非洲,Eq.Guinea,GNQ,2,2020-07-10 00:09:29,842,0,2178,0,51,106.0,0,1.66,120.0,4370757.0,"{'currentConfirmedIncr': 0, 'confirmedIncr': 0, 'curedIncr': 0, 'deadIncr': 0}",0,2020-07-10 00:09:29,yehao,10,赤道几内亚,,True,0.0,https://file1.dxycdn.com/2020/0316/516/3402290519320312671-135.json,0,
,,2182,109.0,0,北美洲,Nicaragua,NIC,2,2020-07-10 00:09:30,0,0,2099,0,83,91.0,0,3.80,58.0,4370813.0,"{'currentConfirmedIncr': 0, 'confirmedIncr': 0, 'curedIncr': 0, 'deadIncr': 0}",972006,2020-07-10 00:09:30,yehao,10,尼加拉瓜,,True,0.0,https://file1.dxycdn.com/2020/0320/114/3403052105069099819-135.json,0,
,,3015,103.0,0,非洲,Somalia,SOM,2,2020-07-10 00:09:30,829,0,2094,0,92,89.0,0,3.05,69.0,4370789.0,"{'currentConfirmedIncr': 0, 'confirmedIncr': 0, 'curedIncr': 0, 'deadIncr': 0}",985008,2020-07-10 00:09:30,yehao,10,索马里,,True,0.0,https://file1.dxycdn.com/2020/0318/580/3402666777783217068-135.json,0,
,,3672,97.0,50,欧洲,Greece,GRC,2,2020-07-10 00:09:29,1473,0,2006,50,193,71.0,0,5.25,33.0,4370309.0,"{'currentConfirmedIncr': 50, 'confirmedIncr': 50, 'curedIncr': 0, 'deadIncr': 0}",965007,2020-07-10 00:09:29,yehao,10,希腊,,True,0.0,https://file1.dxycdn.com/2020/0315/800/3402160534282889817-135.json,0,
,,2395,107.0,0,北美洲,Cuba,CUB,2,2020-07-10 00:09:29,525,0,1784,0,86,90.0,0,3.59,62.0,4370650.0,"{'currentConfirmedIncr': 0, 'confirmedIncr': 0, 'curedIncr': 0, 'deadIncr': 0}",974004,2020-07-10 00:09:29,yehao,10,古巴,,True,0.0,https://file1.dxycdn.com/2020/0315/600/3402160504218117572-135.json,0,
,,3573,98.0,0,非洲,Madagascar,MDG,2,2020-07-10 00:09:30,1761,0,1779,0,33,120.0,0,0.92,144.0,4370843.0,"{'currentConfirmedIncr': 0, 'confirmedIncr': 0, 'curedIncr': 0, 'deadIncr': 0}",984005,2020-07-10 00:09:30,yehao,10,马达加斯加,,True,0.0,https://file1.dxycdn.com/2020/0321/697/3403237654098718574-135.json,0,
,,3106,101.0,0,欧洲,Albania,ALB,2,2020-07-10 00:09:29,1384,0,1639,0,83,91.0,0,2.67,80.0,4370526.0,"{'currentConfirmedIncr': 0, 'confirmedIncr': 0, 'curedIncr': 0, 'deadIncr': 0}",965001,2020-07-10 00:09:29,yehao,10,阿尔巴尼亚,,True,0.0,https://file1.dxycdn.com/2020/0315/852/3402160525692954728-135.json,0,
,,32586,46.0,271,欧洲,Switzerland,CHE,2,2020-07-10 00:09:29,29300,0,1600,271,1686,32.0,0,5.17,34.0,4370306.0,"{'currentConfirmedIncr': 271, 'confirmedIncr': 271, 'curedIncr': 0, 'deadIncr': 0}",963008,2020-07-10 00:09:29,yehao,10,瑞士,,True,0.0,https://file1.dxycdn.com/2020/0315/786/3402160525692954837-135.json,0,
,,2106,110.0,0,非洲,South Sudan,SSD,2,2020-07-10 00:09:30,494,0,1572,0,40,115.0,0,1.89,105.0,4370902.0,"{'currentConfirmedIncr': 0, 'confirmedIncr': 0, 'curedIncr': 0, 'deadIncr': 0}",981007,2020-07-10 00:09:30,yehao,10,南苏丹,,True,0.0,https://file1.dxycdn.com/2020/0406/921/3406206348378627964-135.json,0,
,,1877,115.0,0,非洲,Malawi,MWI,2,2020-07-10 00:09:30,345,0,1508,0,24,128.0,0,1.27,133.0,4370900.0,"{'currentConfirmedIncr': 0, 'confirmedIncr': 0, 'curedIncr': 0, 'deadIncr': 0}",984006,2020-07-10 00:09:30,yehao,10,马拉维,,True,0.0,https://file1.dxycdn.com/2020/0403/600/3405649720616995345-135.json,0,
,,2502,105.0,0,南美洲,Paraguay,PRY,2,2020-07-10 00:09:29,976,0,1506,0,20,137.0,0,0.79,149.0,4370518.0,"{'currentConfirmedIncr': 0, 'confirmedIncr': 0, 'curedIncr': 0, 'deadIncr': 0}",973009,2020-07-10 00:09:29,yehao,10,巴拉圭,,True,0.0,https://file1.dxycdn.com/2020/0315/004/3402160529987922312-135.json,0,
,,4878,93.0,0,非洲,The Republic of Djibouti,DJI,2,2020-07-10 00:09:30,3324,0,1499,0,55,101.0,0,1.12,139.0,4370816.0,"{'currentConfirmedIncr': 0, 'confirmedIncr': 0, 'curedIncr': 0, 'deadIncr': 0}",985002,2020-07-10 00:09:30,yehao,10,吉布提,,True,0.0,https://file1.dxycdn.com/2020/0320/252/3403052105069099844-135.json,0,
,,1790,119.0,0,非洲,Guinea-Bissau,GBN,2,2020-07-10 00:09:30,317,0,1448,0,25,127.0,0,1.39,126.0,4370872.0,"{'currentConfirmedIncr': 0, 'confirmedIncr': 0, 'curedIncr': 0, 'deadIncr': 0}",982008,2020-07-10 00:09:30,yehao,10,几内亚比绍,,True,0.0,https://file1.dxycdn.com/2020/0326/097/3404165384214532726-135.json,0,
,,18418,58.0,0,欧洲,Austria,AUT,2,2020-07-10 00:09:29,16348,0,1364,0,706,44.0,0,3.83,57.0,4370308.0,"{'currentConfirmedIncr': 0, 'confirmedIncr': 0, 'curedIncr': 0, 'deadIncr': 0}",963001,2020-07-10 00:09:29,yehao,10,奥地利,,True,0.0,https://file1.dxycdn.com/2020/0315/012/3402160532135229192-135.json,0,
,,6364,84.0,0,亚洲,Tajikistan,TJK,2,2020-07-10 00:09:30,5011,0,1299,0,54,102.0,0,0.84,147.0,4370927.0,"{'currentConfirmedIncr': 0, 'confirmedIncr': 0, 'curedIncr': 0, 'deadIncr': 0}",954003,2020-07-10 00:09:30,yehao,10,塔吉克斯坦,,True,0.0,https://file1.dxycdn.com/2020/0501/373/3410844925943033518-135.json,0,
,,8886,72.0,0,大洋洲,Australia,AUS,2,2020-07-10 00:09:29,7487,67,1293,-67,106,87.0,0,1.19,138.0,4370258.0,"{'currentConfirmedIncr': -67, 'confirmedIncr': 0, 'curedIncr': 67, 'deadIncr': 0}",990001,2020-07-10 00:09:29,yehao,10,澳大利亚,,True,0.0,https://file1.dxycdn.com/2020/0315/646/3402160532135406038-135.json,0,
,,1821,118.0,64,非洲,Congo,COG,2,2020-07-10 00:09:30,525,39,1249,22,47,108.0,3,2.58,84.0,4370768.0,"{'currentConfirmedIncr': 22, 'confirmedIncr': 64, 'curedIncr': 39, 'deadIncr': 3}",0,2020-07-10 00:09:30,yehao,10,刚果（布）,,True,0.0,https://file1.dxycdn.com/2020/0317/267/3402535566531994221-135.json,0,
,,1499,123.0,0,非洲,Cabo Verde,CPV,2,2020-07-10 00:09:30,266,0,1215,0,18,138.0,0,1.20,137.0,4370852.0,"{'currentConfirmedIncr': 0, 'confirmedIncr': 0, 'curedIncr': 0, 'deadIncr': 0}",982017,2020-07-10 00:09:30,yehao,10,佛得角,,True,0.0,https://file1.dxycdn.com/2020/0322/642/3403423200980799173-135.json,0,
,,13244,64.0,0,亚洲,Republic of Korea,KOR,2,2020-07-10 00:09:29,11759,0,1200,0,285,62.0,0,2.15,97.0,4370254.0,"{'currentConfirmedIncr': 0, 'confirmedIncr': 0, 'curedIncr': 0, 'deadIncr': 0}",951004,2020-07-10 00:09:29,yehao,7,韩国,,True,0.0,https://file1.dxycdn.com/2020/0315/779/3402160514955536234-135.json,0,
,,5636,88.0,0,非洲,Guinea,GIN,2,2020-07-10 00:09:29,4522,0,1068,0,46,110.0,0,0.81,148.0,4370759.0,"{'currentConfirmedIncr': 0, 'confirmedIncr': 0, 'curedIncr': 0, 'deadIncr': 0}",0,2020-07-10 00:09:29,yehao,10,几内亚,,True,0.0,https://file1.dxycdn.com/2020/0315/931/3402176481496577677-135.json,0,
,,3416,99.0,91,欧洲,Croatia,HRV,2,2020-07-10 00:09:29,2323,46,978,44,115,83.0,1,3.36,67.0,4370305.0,"{'currentConfirmedIncr': 44, 'confirmedIncr': 91, 'curedIncr': 46, 'deadIncr': 1}",965005,2020-07-10 00:09:29,yehao,10,克罗地亚,,True,0.0,https://file1.dxycdn.com/2020/0315/154/3402160527840438555-135.json,0,
,,1285,125.0,0,非洲,Benin,BEN,2,2020-07-10 00:09:30,306,0,956,0,23,130.0,0,1.78,115.0,4370788.0,"{'currentConfirmedIncr': 0, 'confirmedIncr': 0, 'curedIncr': 0, 'deadIncr': 0}",982001,2020-07-10 00:09:30,yehao,10,贝宁,,True,0.0,https://file1.dxycdn.com/2020/0318/520/3402666775635300664-135.json,0,
,,4210,95.0,0,欧洲,Hungary,HUN,2,2020-07-10 00:09:29,2685,0,936,0,589,50.0,0,13.99,6.0,4370494.0,"{'currentConfirmedIncr': 0, 'confirmedIncr': 0, 'curedIncr': 0, 'deadIncr': 0}",963004,2020-07-10 00:09:29,yehao,10,匈牙利,,True,0.0,https://file1.dxycdn.com/2020/0315/954/3402160538577857255-135.json,0,
,,1182,128.0,0,非洲,Libya,LBY,2,2020-07-10 00:09:30,261,0,886,0,35,119.0,0,2.96,71.0,4370873.0,"{'currentConfirmedIncr': 0, 'confirmedIncr': 0, 'curedIncr': 0, 'deadIncr': 0}",981003,2020-07-10 00:09:30,yehao,10,利比亚,,True,0.0,https://file1.dxycdn.com/2020/0326/463/3404165384214532747-135.json,0,
,,873,143.0,0,非洲,Chad,TCD,2,2020-07-10 00:09:30,0,0,799,0,74,95.0,0,8.47,13.0,4370845.0,"{'currentConfirmedIncr': 0, 'confirmedIncr': 0, 'curedIncr': 0, 'deadIncr': 0}",982003,2020-07-10 00:09:30,yehao,10,乍得,,True,0.0,https://file1.dxycdn.com/2020/0321/223/3403237656245986105-135.json,0,
,,2348,108.0,0,非洲,Mali,MLI,2,2020-07-10 00:09:30,1502,0,727,0,119,81.0,0,5.06,37.0,4370871.0,"{'currentConfirmedIncr': 0, 'confirmedIncr': 0, 'curedIncr': 0, 'deadIncr': 0}",982010,2020-07-10 00:09:30,yehao,10,马里,,True,0.0,https://file1.dxycdn.com/2020/0326/954/3404165384214532716-135.json,0,
,,737,145.0,0,北美洲,Jamaica,JAM,2,2020-07-10 00:09:29,0,0,727,0,10,154.0,0,1.35,128.0,4370647.0,"{'currentConfirmedIncr': 0, 'confirmedIncr': 0, 'curedIncr': 0, 'deadIncr': 0}",974009,2020-07-10 00:09:29,yehao,10,牙买加,,True,0.0,https://file1.dxycdn.com/2020/0315/250/3402160540725341015-135.json,0,
,,1071,133.0,0,非洲,Mozambique,MOZ,2,2020-07-10 00:09:30,337,0,726,0,8,161.0,0,0.74,151.0,4370856.0,"{'currentConfirmedIncr': 0, 'confirmedIncr': 0, 'curedIncr': 0, 'deadIncr': 0}",984008,2020-07-10 00:09:30,yehao,10,莫桑比克,,True,0.0,https://file1.dxycdn.com/2020/0323/163/3403608739272894850-135.json,0,
,,1844,117.0,0,欧洲,Lithuania,LTU,2,2020-07-10 00:09:29,1049,0,716,0,79,93.0,0,4.28,48.0,4370319.0,"{'currentConfirmedIncr': 0, 'confirmedIncr': 0, 'curedIncr': 0, 'deadIncr': 0}",964004,2020-07-10 00:09:29,yehao,10,立陶宛,,True,0.0,https://file1.dxycdn.com/2020/0315/774/3402160536430196722-135.json,0,
,,4603,94.0,0,欧洲,Luxembourg,LUX,2,2020-07-10 00:09:29,3789,0,704,0,110,86.0,0,2.38,90.0,4370364.0,"{'currentConfirmedIncr': 0, 'confirmedIncr': 0, 'curedIncr': 0, 'deadIncr': 0}",961004,2020-07-10 00:09:29,yehao,10,卢森堡,,True,0.0,https://file1.dxycdn.com/2020/0315/943/3402160538577857289-135.json,0,
,,1056,134.0,0,非洲,Swaziland,SWZ,2,2020-07-10 00:09:29,347,0,695,0,14,145.0,0,1.32,131.0,4370761.0,"{'currentConfirmedIncr': 0, 'confirmedIncr': 0, 'curedIncr': 0, 'deadIncr': 0}",984010,2020-07-10 00:09:29,yehao,10,斯威士兰,,True,0.0,https://file1.dxycdn.com/2020/0316/269/3402290530057731261-135.json,0,
,,885,142.0,0,非洲,Zimbabwe,ZWE,2,2020-07-10 00:09:30,206,0,670,0,9,158.0,0,1.01,141.0,4370844.0,"{'currentConfirmedIncr': 0, 'confirmedIncr': 0, 'curedIncr': 0, 'deadIncr': 0}",984013,2020-07-10 00:09:30,yehao,10,津巴布韦,,True,0.0,https://file1.dxycdn.com/2020/0321/166/3403237654098502435-135.json,0,
,,713,146.0,0,欧洲,San Marino,SMR,2,2020-07-10 00:09:29,2,0,669,0,42,112.0,0,5.89,26.0,4370366.0,"{'currentConfirmedIncr': 0, 'confirmedIncr': 0, 'curedIncr': 0, 'deadIncr': 0}",965012,2020-07-10 00:09:29,yehao,10,圣马力诺,,True,0.0,https://file1.dxycdn.com/2020/0315/846/3402160508513085010-135.json,0,
,,1995,112.0,0,欧洲,Estonia,EST,2,2020-07-10 00:09:29,1275,0,651,0,69,96.0,0,3.45,66.0,4370313.0,"{'currentConfirmedIncr': 0, 'confirmedIncr': 0, 'curedIncr': 0, 'deadIncr': 0}",964002,2020-07-10 00:09:29,yehao,10,爱沙尼亚,,True,0.0,https://file1.dxycdn.com/2020/0315/704/3402160514955359338-135.json,0,
,,2081,111.0,0,亚洲,Sri Lanka,LKA,2,2020-07-10 00:09:29,1421,0,649,0,11,152.0,0,0.52,160.0,4370262.0,"{'currentConfirmedIncr': 0, 'confirmedIncr': 0, 'curedIncr': 0, 'deadIncr': 0}",953007,2020-07-10 00:09:29,yehao,10,斯里兰卡,,True,0.0,https://file1.dxycdn.com/2020/0315/984/3402160532135406053-135.json,0,
,,1134,131.0,0,欧洲,Latvia,LVA,2,2020-07-10 00:09:29,464,0,640,0,30,122.0,0,2.64,82.0,4370442.0,"{'currentConfirmedIncr': 0, 'confirmedIncr': 0, 'curedIncr': 0, 'deadIncr': 0}",964003,2020-07-10 00:09:29,yehao,10,拉脱维亚,,True,0.0,https://file1.dxycdn.com/2020/0315/786/3402160540725164137-135.json,0,
,,1307,124.0,0,亚洲,The Republic of Yemen,YEM,2,2020-07-10 00:09:30,350,0,608,0,349,58.0,0,26.70,1.0,4370924.0,"{'currentConfirmedIncr': 0, 'confirmedIncr': 0, 'curedIncr': 0, 'deadIncr': 0}",0,2020-07-10 00:09:30,yehao,10,也门共和国,,True,0.0,https://file1.dxycdn.com/2020/0411/999/3407134067757035603-135.json,0,
,,1172,129.0,0,非洲,Rwanda,RWA,2,2020-07-10 00:09:29,595,0,574,0,3,167.0,0,0.25,171.0,4370758.0,"{'currentConfirmedIncr': 0, 'confirmedIncr': 0, 'curedIncr': 0, 'deadIncr': 0}",985006,2020-07-10 00:09:29,yehao,10,卢旺达,,True,0.0,https://file1.dxycdn.com/2020/0317/028/3402535588007034113-135.json,0,
,,907,141.0,0,欧洲,Montenegro,MNE,2,2020-07-10 00:09:30,320,0,570,0,17,139.0,0,1.87,108.0,4370784.0,"{'currentConfirmedIncr': 0, 'confirmedIncr': 0, 'curedIncr': 0, 'deadIncr': 0}",965018,2020-07-10 00:09:30,yehao,10,黑山,,True,0.0,https://file1.dxycdn.com/2020/0319/169/3402840835627670611-135.json,0,
,,593,152.0,0,非洲,Namibia,NAM,2,2020-07-10 00:09:29,25,0,568,0,0,175.0,0,0.00,175.0,4370756.0,"{'currentConfirmedIncr': 0, 'confirmedIncr': 0, 'curedIncr': 0, 'deadIncr': 0}",984009,2020-07-10 00:09:29,yehao,10,纳米比亚,,True,0.0,https://file1.dxycdn.com/2020/0316/301/3402290562270397787-135.json,0,
,,1907,113.0,0,亚洲,Lebanon,LBN,2,2020-07-10 00:09:29,1304,0,567,0,36,116.0,0,1.88,107.0,4370299.0,"{'currentConfirmedIncr': 0, 'confirmedIncr': 0, 'curedIncr': 0, 'deadIncr': 0}",955012,2020-07-10 00:09:29,yehao,10,黎巴嫩,,True,0.0,https://file1.dxycdn.com/2020/0315/735/3402160529987745467-135.json,0,
,,689,149.0,0,非洲,Togo,TGO,2,2020-07-10 00:09:29,107,0,567,0,15,142.0,0,2.17,95.0,4370517.0,"{'currentConfirmedIncr': 0, 'confirmedIncr': 0, 'curedIncr': 0, 'deadIncr': 0}",982016,2020-07-10 00:09:29,yehao,10,多哥,,True,0.0,https://file1.dxycdn.com/2020/0315/916/3402160508512908168-135.json,0,
,,85441,23.0,75,亚洲,China,CHN,2,,80240,48,553,27,4648,21.0,0,5.44,30.0,,"{'currentConfirmedIncr': 27, 'confirmedIncr': 75, 'curedIncr': 48, 'deadIncr': 0}",951001,,,999,中国,,True,,https://file1.dxycdn.com/2020/0709/913/9800076890111463243-135.json,0,
,,551,153.0,0,非洲,Réunion,REU,2,2020-07-10 00:09:30,0,0,548,0,3,167.0,0,0.54,158.0,4370782.0,"{'currentConfirmedIncr': 0, 'confirmedIncr': 0, 'curedIncr': 0, 'deadIncr': 0}",0,2020-07-10 00:09:30,yehao,10,留尼旺,,True,0.0,https://file1.dxycdn.com/2020/0315/016/3402160527840261639-135.json,0,
,,8936,71.0,0,欧洲,Norway,NOR,2,2020-07-10 00:09:29,8138,0,547,0,251,66.0,0,2.80,74.0,4370315.0,"{'currentConfirmedIncr': 0, 'confirmedIncr': 0, 'curedIncr': 0, 'deadIncr': 0}",962004,2020-07-10 00:09:29,yehao,10,挪威,,True,0.0,https://file1.dxycdn.com/2020/0315/616/3402160534282889764-135.json,0,
,,917,140.0,0,非洲,Liberia,LBR,2,2020-07-10 00:09:30,335,0,541,0,41,114.0,0,4.47,46.0,4370783.0,"{'currentConfirmedIncr': 0, 'confirmedIncr': 0, 'curedIncr': 0, 'deadIncr': 0}",982009,2020-07-10 00:09:30,yehao,10,利比里亚,,True,0.0,https://file1.dxycdn.com/2020/0318/852/3402666792815603107-135.json,0,
,,1572,122.0,0,非洲,Sierra Leone,SLE,2,2020-07-10 00:09:30,999,0,510,0,63,99.0,0,4.00,55.0,4370897.0,"{'currentConfirmedIncr': 0, 'confirmedIncr': 0, 'curedIncr': 0, 'deadIncr': 0}",982015,2020-07-10 00:09:30,yehao,10,塞拉利昂,,True,0.0,https://file1.dxycdn.com/2020/0401/884/3405278646179898786-135.json,0,
,,712,147.0,0,非洲,São Tomé and Príncipe,STP,2,2020-07-10 00:09:30,219,0,480,0,13,148.0,0,1.82,111.0,4370905.0,"{'currentConfirmedIncr': 0, 'confirmedIncr': 0, 'curedIncr': 0, 'deadIncr': 0}",983007,2020-07-10 00:09:30,yehao,10,圣多美和普林西比,,True,0.0,https://file1.dxycdn.com/2020/0407/502/3406391893113208137-135.json,0,
,,1005,135.0,0,亚洲,Cyprus,CYP,2,2020-07-10 00:09:29,504,0,475,0,26,125.0,0,2.58,84.0,4370527.0,"{'currentConfirmedIncr': 0, 'confirmedIncr': 0, 'curedIncr': 0, 'deadIncr': 0}",955005,2020-07-10 00:09:29,yehao,10,塞浦路斯,,True,0.0,https://file1.dxycdn.com/2020/0315/686/3402160529987745486-135.json,0,
,,634,151.0,0,南美洲,Suriname,SUR,2,2020-07-10 00:09:29,154,0,465,0,15,142.0,0,2.36,91.0,4370753.0,"{'currentConfirmedIncr': 0, 'confirmedIncr': 0, 'curedIncr': 0, 'deadIncr': 0}",973010,2020-07-10 00:09:29,yehao,10,苏里南,,True,0.0,https://file1.dxycdn.com/2020/0317/931/3402535553647091547-135.json,0,
,,25538,51.0,0,欧洲,Ireland,IRL,2,2020-07-10 00:09:29,23349,0,446,0,1743,30.0,0,6.82,18.0,4370363.0,"{'currentConfirmedIncr': 0, 'confirmedIncr': 0, 'curedIncr': 0, 'deadIncr': 0}",961003,2020-07-10 00:09:29,yehao,10,爱尔兰,,True,0.0,https://file1.dxycdn.com/2020/0315/153/3402160510660568721-135.json,0,
,,1895,114.0,0,非洲,The Republic of Zambia,ZMB,2,2020-07-10 00:09:30,1412,0,441,0,42,112.0,0,2.21,94.0,4370811.0,"{'currentConfirmedIncr': 0, 'confirmedIncr': 0, 'curedIncr': 0, 'deadIncr': 0}",0,2020-07-10 00:09:30,yehao,10,赞比亚共和国,,True,0.0,https://file1.dxycdn.com/2020/0320/325/3403052105068803842-135.json,0,
,,2501,106.0,0,亚洲,Maldives,MDV,2,2020-07-10 00:09:29,2049,0,440,0,12,151.0,0,0.47,163.0,4370519.0,"{'currentConfirmedIncr': 0, 'confirmedIncr': 0, 'curedIncr': 0, 'deadIncr': 0}",953004,2020-07-10 00:09:29,yehao,10,马尔代夫,,True,0.0,https://file1.dxycdn.com/2020/0315/023/3402160529987922354-135.json,0,
,,7265,81.0,0,欧洲,Finland,FIN,2,2020-07-10 00:09:29,6600,0,336,0,329,60.0,0,4.52,45.0,4370265.0,"{'currentConfirmedIncr': 0, 'confirmedIncr': 0, 'curedIncr': 0, 'deadIncr': 0}",962002,2020-07-10 00:09:29,yehao,10,芬兰,,True,0.0,https://file1.dxycdn.com/2020/0315/473/3402160538577857276-135.json,0,
,,855,144.0,0,欧洲,Andorra,AND,2,2020-07-10 00:09:29,472,0,331,0,52,104.0,0,6.08,23.0,4370372.0,"{'currentConfirmedIncr': 0, 'confirmedIncr': 0, 'curedIncr': 0, 'deadIncr': 0}",965002,2020-07-10 00:09:29,yehao,10,安道尔,,True,0.0,https://file1.dxycdn.com/2020/0315/231/3402160534282712957-135.json,0,
,,1169,130.0,0,亚洲,Jordan,JOR,2,2020-07-10 00:09:29,830,0,329,0,10,154.0,0,0.85,146.0,4370400.0,"{'currentConfirmedIncr': 0, 'confirmedIncr': 0, 'curedIncr': 0, 'deadIncr': 0}",955010,2020-07-10 00:09:29,yehao,10,约旦,,True,0.0,https://file1.dxycdn.com/2020/0315/225/3402160532135229235-135.json,0,
,,509,154.0,0,非洲,Tanzania,TZA,2,2020-07-10 00:09:30,167,0,321,0,21,134.0,0,4.12,52.0,4370776.0,"{'currentConfirmedIncr': 0, 'confirmedIncr': 0, 'curedIncr': 0, 'deadIncr': 0}",985009,2020-07-10 00:09:30,yehao,10,坦桑尼亚,,True,0.0,https://file1.dxycdn.com/2020/0318/094/3402666782077751781-135.json,0,
,,372,156.0,0,亚洲,Syrian ArabRepublic,SYR,2,2020-07-10 00:09:30,41,0,317,0,14,145.0,0,3.76,59.0,4370862.0,"{'currentConfirmedIncr': 0, 'confirmedIncr': 0, 'curedIncr': 0, 'deadIncr': 0}",955017,2020-07-10 00:09:30,yehao,10,叙利亚,,True,0.0,https://file1.dxycdn.com/2020/0324/270/3403794290450024898-135.json,0,
,,314,162.0,0,非洲,Botswana,BWA,2,2020-07-10 00:09:30,0,0,313,0,1,172.0,0,0.31,170.0,4370895.0,"{'currentConfirmedIncr': 0, 'confirmedIncr': 0, 'curedIncr': 0, 'deadIncr': 0}",984002,2020-07-10 00:09:30,yehao,10,博茨瓦纳,,True,0.0,https://file1.dxycdn.com/2020/0331/161/3405093116477911447-135.json,0,
,,336,159.0,0,欧洲,Isle of Man,Mann,2,2020-07-10 00:09:30,0,0,312,0,24,128.0,0,7.14,17.0,4370842.0,"{'currentConfirmedIncr': 0, 'confirmedIncr': 0, 'curedIncr': 0, 'deadIncr': 0}",0,2020-07-10 00:09:30,yehao,10,马恩岛,,True,0.0,https://file1.dxycdn.com/2020/0321/575/3403237654098502377-135.json,0,
,,313,163.0,0,非洲,Union des Comores,COM,2,2020-07-10 00:09:30,0,0,306,0,7,163.0,0,2.23,93.0,4370926.0,"{'currentConfirmedIncr': 0, 'confirmedIncr': 0, 'curedIncr': 0, 'deadIncr': 0}",984003,2020-07-10 00:09:30,yehao,10,科摩罗,,True,0.0,https://file1.dxycdn.com/2020/0501/394/3410844925943328054-135.json,0,
,,673,150.0,0,欧洲,Malta,MLT,2,2020-07-10 00:09:29,367,0,297,0,9,158.0,0,1.33,129.0,4370521.0,"{'currentConfirmedIncr': 0, 'confirmedIncr': 0, 'curedIncr': 0, 'deadIncr': 0}",965019,2020-07-10 00:09:29,yehao,10,马耳他,,True,0.0,https://file1.dxycdn.com/2020/0315/267/3402160529987922302-135.json,0,
,,325,160.0,0,欧洲,Jersey,JE,2,2020-07-10 00:09:29,0,0,294,0,31,121.0,0,9.53,11.0,4370755.0,"{'currentConfirmedIncr': 0, 'confirmedIncr': 0, 'curedIncr': 0, 'deadIncr': 0}",0,2020-07-10 00:09:29,yehao,10,泽西岛,,True,0.0,https://file1.dxycdn.com/2020/0317/433/3402535555794575318-135.json,0,
,,1094,132.0,0,非洲,Niger,NER,2,2020-07-10 00:09:30,734,0,292,0,68,97.0,0,6.21,21.0,4370818.0,"{'currentConfirmedIncr': 0, 'confirmedIncr': 0, 'curedIncr': 0, 'deadIncr': 0}",982011,2020-07-10 00:09:30,yehao,10,尼日尔,,True,0.0,https://file1.dxycdn.com/2020/0320/550/3403052105068803906-135.json,0,
,,295,164.0,0,大洋洲,Guam,GU,2,2020-07-10 00:09:30,0,0,290,0,5,166.0,0,1.69,119.0,4370786.0,"{'currentConfirmedIncr': 0, 'confirmedIncr': 0, 'curedIncr': 0, 'deadIncr': 0}",0,2020-07-10 00:09:30,yehao,10,关岛,,True,0.0,https://file1.dxycdn.com/2020/0318/489/3402666812142956769-135.json,0,
,,386,155.0,0,非洲,Angola,AGO,2,2020-07-10 00:09:30,81,0,284,0,21,134.0,0,5.44,30.0,4370849.0,"{'currentConfirmedIncr': 0, 'confirmedIncr': 0, 'curedIncr': 0, 'deadIncr': 0}",984001,2020-07-10 00:09:30,yehao,10,安哥拉,,True,0.0,https://file1.dxycdn.com/2020/0322/522/3403423200980799144-135.json,0,
,,1767,120.0,0,欧洲,Slovakia,SVK,2,2020-07-10 00:09:29,1466,0,273,0,28,124.0,0,1.58,123.0,4370520.0,"{'currentConfirmedIncr': 0, 'confirmedIncr': 0, 'curedIncr': 0, 'deadIncr': 0}",963007,2020-07-10 00:09:29,yehao,10,斯洛伐克,,True,0.0,https://file1.dxycdn.com/2020/0315/353/3402160510660391916-135.json,0,
,,1739,121.0,0,欧洲,Slovenia,SVN,2,2020-07-10 00:09:29,1384,0,244,0,111,85.0,0,6.38,19.0,4370495.0,"{'currentConfirmedIncr': 0, 'confirmedIncr': 0, 'curedIncr': 0, 'deadIncr': 0}",965014,2020-07-10 00:09:29,yehao,10,斯洛文尼亚,,True,0.0,https://file1.dxycdn.com/2020/0315/527/3402160510660391945-135.json,0,
,,963,138.0,0,亚洲,Georgia,GEO,2,2020-07-10 00:09:29,704,0,244,0,15,142.0,0,1.55,124.0,4370371.0,"{'currentConfirmedIncr': 0, 'confirmedIncr': 0, 'curedIncr': 0, 'deadIncr': 0}",955006,2020-07-10 00:09:29,yehao,10,格鲁吉亚,,True,0.0,https://file1.dxycdn.com/2020/0315/126/3402160506365424445-135.json,0,
,,252,166.0,0,欧洲,Guernsey,GG,2,2020-07-10 00:09:29,0,0,239,0,13,148.0,0,5.15,36.0,4370745.0,"{'currentConfirmedIncr': 0, 'confirmedIncr': 0, 'curedIncr': 0, 'deadIncr': 0}",0,2020-07-10 00:09:29,yehao,10,根西岛,,True,0.0,https://file1.dxycdn.com/2020/0317/462/3402535605186702216-135.json,0,
,,8674,75.0,0,亚洲,Malaysia,MYS,2,2020-07-10 00:09:29,8318,0,235,0,121,79.0,0,1.39,126.0,4370251.0,"{'currentConfirmedIncr': 0, 'confirmedIncr': 0, 'curedIncr': 0, 'deadIncr': 0}",952007,2020-07-10 00:09:29,yehao,4,马来西亚,,True,0.0,https://file1.dxycdn.com/2020/0315/777/3402160506365601260-135.json,0,
,,278,165.0,0,南美洲,Guyana,GUY,2,2020-07-10 00:09:29,27,0,235,0,16,140.0,0,5.75,27.0,4370651.0,"{'currentConfirmedIncr': 0, 'confirmedIncr': 0, 'curedIncr': 0, 'deadIncr': 0}",973007,2020-07-10 00:09:29,yehao,10,圭亚那,,True,0.0,https://file1.dxycdn.com/2020/0315/264/3402160506365424412-135.json,0,
,,249,167.0,0,北美洲,Martinique,MTQ,2,2020-07-10 00:09:29,0,0,235,0,14,145.0,0,5.62,29.0,4370741.0,"{'currentConfirmedIncr': 0, 'confirmedIncr': 0, 'curedIncr': 0, 'deadIncr': 0}",0,2020-07-10 00:09:29,yehao,10,马提尼克,,True,0.0,https://file1.dxycdn.com/2020/0315/454/3402160527840438534-135.json,0,
,,225,168.0,0,亚洲,Mongolia,MNG,2,2020-07-10 00:09:29,24,0,201,0,0,175.0,0,0.00,175.0,4370568.0,"{'currentConfirmedIncr': 0, 'confirmedIncr': 0, 'curedIncr': 0, 'deadIncr': 0}",0,2020-07-10 00:09:29,yehao,10,蒙古,,True,0.0,https://file1.dxycdn.com/2020/0315/947/3402160536430373542-135.json,0,
,,201,170.0,0,北美洲,Cayman Islands,CYM,2,2020-07-10 00:09:30,0,0,199,0,2,171.0,0,0.99,142.0,4370771.0,"{'currentConfirmedIncr': 0, 'confirmedIncr': 0, 'curedIncr': 0, 'deadIncr': 0}",0,2020-07-10 00:09:30,yehao,10,开曼群岛,,True,0.0,https://file1.dxycdn.com/2020/0317/570/3402535585859348238-135.json,0,
,,188,172.0,0,欧洲,Faroe Islands,FO,2,2020-07-10 00:09:29,0,0,188,0,0,175.0,0,0.00,175.0,4370743.0,"{'currentConfirmedIncr': 0, 'confirmedIncr': 0, 'curedIncr': 0, 'deadIncr': 0}",0,2020-07-10 00:09:29,yehao,10,法罗群岛,,True,0.0,https://file1.dxycdn.com/2020/0315/071/3402160536430196701-135.json,0,
,,191,171.0,0,非洲,The Republic of Burundi,BDI,2,2020-07-10 00:09:30,4,0,186,0,1,172.0,0,0.52,160.0,4370898.0,"{'currentConfirmedIncr': 0, 'confirmedIncr': 0, 'curedIncr': 0, 'deadIncr': 0}",0,2020-07-10 00:09:30,yehao,10,布隆迪共和国,,True,0.0,https://file1.dxycdn.com/2020/0401/018/3405278646179898791-135.json,0,
,,179,174.0,0,欧洲,Gibraltar,CIB,2,2020-07-10 00:09:29,0,0,178,0,1,172.0,0,0.55,157.0,4370744.0,"{'currentConfirmedIncr': 0, 'confirmedIncr': 0, 'curedIncr': 0, 'deadIncr': 0}",0,2020-07-10 00:09:29,yehao,10,直布罗陀,,True,0.0,https://file1.dxycdn.com/2020/0315/482/3402160529987745496-135.json,0,
,,215,169.0,0,非洲,Eritrea,ERI,2,2020-07-10 00:09:30,39,0,176,0,0,175.0,0,0.00,175.0,4370854.0,"{'currentConfirmedIncr': 0, 'confirmedIncr': 0, 'curedIncr': 0, 'deadIncr': 0}",985003,2020-07-10 00:09:30,yehao,10,厄立特里亚,,True,0.0,https://file1.dxycdn.com/2020/0322/928/3403423203128282836-135.json,0,
,,184,173.0,0,北美洲,Guadeloupe,GLP,2,2020-07-10 00:09:30,0,0,168,0,16,140.0,0,8.69,12.0,4370772.0,"{'currentConfirmedIncr': 0, 'confirmedIncr': 0, 'curedIncr': 0, 'deadIncr': 0}",0,2020-07-10 00:09:30,yehao,10,瓜德罗普岛,,True,0.0,https://file1.dxycdn.com/2020/0317/354/3402535547204842407-135.json,0,
,,3197,100.0,0,亚洲,Thailand,THA,2,2020-07-10 00:09:29,2973,0,166,0,58,100.0,0,1.81,113.0,4370249.0,"{'currentConfirmedIncr': 0, 'confirmedIncr': 0, 'curedIncr': 0, 'deadIncr': 0}",952010,2020-07-10 00:09:29,yehao,2,泰国,,True,0.0,https://file1.dxycdn.com/2020/0315/926/3402160512808052473-135.json,0,
,,1205,126.0,0,非洲,Tunisia,TUN,2,2020-07-10 00:09:29,1002,0,153,0,50,107.0,0,4.14,51.0,4370441.0,"{'currentConfirmedIncr': 0, 'confirmedIncr': 0, 'curedIncr': 0, 'deadIncr': 0}",981006,2020-07-10 00:09:29,yehao,10,突尼斯,,True,0.0,https://file1.dxycdn.com/2020/0315/984/3402160538577857284-135.json,0,
,,146,175.0,0,北美洲,Bermuda,BMU,2,2020-07-10 00:09:30,0,0,137,0,9,158.0,0,6.16,22.0,4370847.0,"{'currentConfirmedIncr': 0, 'confirmedIncr': 0, 'curedIncr': 0, 'deadIncr': 0}",0,2020-07-10 00:09:30,yehao,10,百慕大,,True,0.0,https://file1.dxycdn.com/2020/0321/509/3403237656246202307-135.json,0,
,,712,147.0,0,其他,International conveyance (Diamond Princess),Princess,2,2020-07-10 00:09:29,574,0,125,0,13,148.0,0,1.82,111.0,4370284.0,"{'currentConfirmedIncr': 0, 'confirmedIncr': 0, 'curedIncr': 0, 'deadIncr': 0}",0,2020-07-10 00:09:29,yehao,10,钻石公主号邮轮,,True,0.0,https://file1.dxycdn.com/2020/0315/381/3402160536430196671-135.json,0,
,,133,178.0,0,北美洲,Trinidad & Tobago,TTO,2,2020-07-10 00:09:29,0,0,125,0,8,161.0,0,6.01,25.0,4370736.0,"{'currentConfirmedIncr': 0, 'confirmedIncr': 0, 'curedIncr': 0, 'deadIncr': 0}",974013,2020-07-10 00:09:29,yehao,10,特立尼达和多巴哥,,True,0.0,https://file1.dxycdn.com/2020/0315/658/3402176490086085375-135.json,0,
,,1003,136.0,0,非洲,Burkina Faso,BFA,2,2020-07-10 00:09:29,826,0,124,0,53,103.0,0,5.28,32.0,4370525.0,"{'currentConfirmedIncr': 0, 'confirmedIncr': 0, 'curedIncr': 0, 'deadIncr': 0}",982002,2020-07-10 00:09:29,yehao,10,布基纳法索,,True,0.0,https://file1.dxycdn.com/2020/0315/667/3402160525692777928-135.json,0,
,,960,139.0,0,南美洲,Uruguay,URY,2,2020-07-10 00:09:29,814,0,117,0,29,123.0,0,3.02,70.0,4370752.0,"{'currentConfirmedIncr': 0, 'confirmedIncr': 0, 'curedIncr': 0, 'deadIncr': 0}",973011,2020-07-10 00:09:29,yehao,10,乌拉圭,,True,0.0,https://file1.dxycdn.com/2020/0317/992/3402535566531994277-135.json,0,
,,116,179.0,0,北美洲,United States Virgin Islands,USVI,2,2020-07-10 00:09:30,0,0,110,0,6,164.0,0,5.17,34.0,4370787.0,"{'currentConfirmedIncr': 0, 'confirmedIncr': 0, 'curedIncr': 0, 'deadIncr': 0}",0,2020-07-10 00:09:30,yehao,10,美属维尔京群岛,,True,0.0,https://file1.dxycdn.com/2020/0318/613/3402666814290007784-135.json,0,
,,1873,116.0,0,欧洲,Iceland,ISL,2,2020-07-10 00:09:29,1755,0,108,0,10,154.0,0,0.53,159.0,4370324.0,"{'currentConfirmedIncr': 0, 'confirmedIncr': 0, 'curedIncr': 0, 'deadIncr': 0}",962003,2020-07-10 00:09:29,yehao,10,冰岛,,True,0.0,https://file1.dxycdn.com/2020/0315/786/3402160514955359317-135.json,0,
,,369,157.0,0,亚洲,Vietnam,VNM,2,2020-07-10 00:09:29,267,0,102,0,0,175.0,0,0.00,175.0,4370256.0,"{'currentConfirmedIncr': 0, 'confirmedIncr': 0, 'curedIncr': 0, 'deadIncr': 0}",952011,2020-07-10 00:09:29,yehao,9,越南,,True,0.0,https://file1.dxycdn.com/2020/0315/607/3402160529987745446-135.json,0,
,,105,180.0,0,北美洲,Aruba,ABW,2,2020-07-10 00:09:30,0,0,102,0,3,167.0,0,2.85,73.0,4370790.0,"{'currentConfirmedIncr': 0, 'confirmedIncr': 0, 'curedIncr': 0, 'deadIncr': 0}",0,2020-07-10 00:09:30,yehao,10,阿鲁巴,,True,0.0,https://file1.dxycdn.com/2020/0318/025/3402668034060765266-135.json,0,
,,316,161.0,0,亚洲,Myanmar,MMR,2,2020-07-10 00:09:30,216,0,94,0,6,164.0,0,1.89,105.0,4370863.0,"{'currentConfirmedIncr': 0, 'confirmedIncr': 0, 'curedIncr': 0, 'deadIncr': 0}",952001,2020-07-10 00:09:30,yehao,10,缅甸,,True,0.0,https://file1.dxycdn.com/2020/0324/456/3403794290450271454-135.json,0,
,,104,181.0,0,北美洲,Bahamas,BHS,2,2020-07-10 00:09:29,0,0,93,0,11,152.0,0,10.57,10.0,4370766.0,"{'currentConfirmedIncr': 0, 'confirmedIncr': 0, 'curedIncr': 0, 'deadIncr': 0}",974002,2020-07-10 00:09:29,yehao,10,巴哈马,,True,0.0,https://file1.dxycdn.com/2020/0318/647/3402666807847556532-135.json,0,
,,99,,0,欧洲,Monaco,MCO,2,2020-07-10 00:09:29,3,0,93,0,3,,0,3.03,,4370340.0,"{'currentConfirmedIncr': 0, 'confirmedIncr': 0, 'curedIncr': 0, 'deadIncr': 0}",961005,2020-07-10 00:09:29,yehao,10,摩纳哥,,False,0.0,https://file1.dxycdn.com/2020/0315/266/3402160525692954743-135.json,0,
,,1000,137.0,29,非洲,Uganda,UGA,2,2020-07-10 00:09:30,908,829,92,-800,0,175.0,0,0.00,175.0,4370851.0,"{'currentConfirmedIncr': -800, 'confirmedIncr': 29, 'curedIncr': 829, 'deadIncr': 0}",985010,2020-07-10 00:09:30,yehao,10,乌干达,,True,0.0,https://file1.dxycdn.com/2020/0322/955/3403423200980799158-135.json,0,
,,98,,0,北美洲,Barbados,BRB,2,2020-07-10 00:09:30,0,0,91,0,7,,0,7.14,,4370809.0,"{'currentConfirmedIncr': 0, 'confirmedIncr': 0, 'curedIncr': 0, 'deadIncr': 0}",974003,2020-07-10 00:09:30,yehao,10,巴巴多斯,,False,0.0,https://file1.dxycdn.com/2020/0320/457/3403052105069099774-135.json,0,
,,91,,0,非洲,Seychelles,SYC,2,2020-07-10 00:09:29,0,0,91,0,0,,0,0.00,,4370762.0,"{'currentConfirmedIncr': 0, 'confirmedIncr': 0, 'curedIncr': 0, 'deadIncr': 0}",985007,2020-07-10 00:09:29,yehao,10,塞舌尔,,False,0.0,https://file1.dxycdn.com/2020/0317/101/3402535588007034097-135.json,0,
,,91,,0,非洲,Lesotho,LSO,2,2020-07-10 00:09:30,0,0,91,0,0,,0,0.00,,4370928.0,"{'currentConfirmedIncr': 0, 'confirmedIncr': 0, 'curedIncr': 0, 'deadIncr': 0}",984004,2020-07-10 00:09:30,yehao,10,莱索托,,False,0.0,https://file1.dxycdn.com/2020/0514/243/3413256977429064832-135.json,0,
,,89,,0,大洋洲,French Polynesia,PYF,2,2020-07-10 00:09:29,0,0,89,0,0,,0,0.00,,4370746.0,"{'currentConfirmedIncr': 0, 'confirmedIncr': 0, 'curedIncr': 0, 'deadIncr': 0}",0,2020-07-10 00:09:29,yehao,10,法属波利尼西亚,,False,0.0,https://file1.dxycdn.com/2020/0315/877/3402160512807875636-135.json,0,
,,80,,0,亚洲,Bhutan,BTN,2,2020-07-10 00:09:29,0,0,80,0,0,,0,0.00,,4370509.0,"{'currentConfirmedIncr': 0, 'confirmedIncr': 0, 'curedIncr': 0, 'deadIncr': 0}",953002,2020-07-10 00:09:29,yehao,10,不丹,,False,0.0,https://file1.dxycdn.com/2020/0315/431/3402160508513085059-135.json,0,
,,70,,0,北美洲,Antigua & Barbuda,ATG,2,2020-07-10 00:09:29,0,0,67,0,3,,0,4.28,,4370763.0,"{'currentConfirmedIncr': 0, 'confirmedIncr': 0, 'curedIncr': 0, 'deadIncr': 0}",974001,2020-07-10 00:09:29,yehao,10,安提瓜和巴布达,,False,0.0,https://file1.dxycdn.com/2020/0315/128/3402176462169224100-135.json,0,
,,78,,0,北美洲,Sint Maarten,Sint Maarten,2,2020-07-10 00:09:30,0,0,63,0,15,,0,19.23,,4370896.0,"{'currentConfirmedIncr': 0, 'confirmedIncr': 0, 'curedIncr': 0, 'deadIncr': 0}",0,2020-07-10 00:09:30,yehao,10,荷属圣马丁,,False,0.0,https://file1.dxycdn.com/2020/0401/655/3405278646179898780-135.json,0,
,,61,,0,非洲,Gambia,GMB,2,2020-07-10 00:09:30,2,0,56,0,3,,0,4.91,,4370785.0,"{'currentConfirmedIncr': 0, 'confirmedIncr': 0, 'curedIncr': 0, 'deadIncr': 0}",982005,2020-07-10 00:09:30,yehao,10,冈比亚,,False,0.0,https://file1.dxycdn.com/2020/0320/124/3403052102921616068-135.json,0,
,,49,,0,北美洲,Turks & Caicos Islands,TCA,2,2020-07-10 00:09:30,0,0,47,0,2,,0,4.08,,4370870.0,"{'currentConfirmedIncr': 0, 'confirmedIncr': 0, 'curedIncr': 0, 'deadIncr': 0}",0,2020-07-10 00:09:30,yehao,10,特克斯和凯科斯群岛,,False,0.0,https://file1.dxycdn.com/2020/0325/278/3403979839479981638-135.json,0,
,,44,,0,北美洲,Saint Martin,Saint Martin,2,2020-07-10 00:09:29,0,0,41,0,3,,0,6.81,,4370742.0,"{'currentConfirmedIncr': 0, 'confirmedIncr': 0, 'curedIncr': 0, 'deadIncr': 0}",0,2020-07-10 00:09:29,yehao,10,圣马丁岛,,False,0.0,https://file1.dxycdn.com/2020/0315/871/3402160512808052481-135.json,0,
,,31,,0,大洋洲,Northern Mariana Islands (Commonwealth of the),CNMI,2,2020-07-10 00:09:30,0,0,29,0,2,,0,6.45,,4370894.0,"{'currentConfirmedIncr': 0, 'confirmedIncr': 0, 'curedIncr': 0, 'deadIncr': 0}",0,2020-07-10 00:09:30,yehao,10,北马里亚纳群岛联邦,,False,0.0,https://file1.dxycdn.com/2020/0330/319/3404907558858335978-135.json,0,
,,29,,0,北美洲,Saint Vincent and the Grenadines,VCT,2,2020-07-10 00:09:29,0,0,29,0,0,,0,0.00,,4370754.0,"{'currentConfirmedIncr': 0, 'confirmedIncr': 0, 'curedIncr': 0, 'deadIncr': 0}",974012,2020-07-10 00:09:29,yehao,10,圣文森特和格林纳丁斯,,False,0.0,https://file1.dxycdn.com/2020/0315/434/3402160510660391899-135.json,0,
,,30,,0,北美洲,Belize,BLZ,2,2020-07-10 00:09:30,0,0,28,0,2,,0,6.66,,4370864.0,"{'currentConfirmedIncr': 0, 'confirmedIncr': 0, 'curedIncr': 0, 'deadIncr': 0}",972001,2020-07-10 00:09:30,yehao,10,伯利兹,,False,0.0,https://file1.dxycdn.com/2020/0324/768/3403794290450024936-135.json,0,
,,25,,0,北美洲,Curaçao,CW,2,2020-07-10 00:09:30,0,0,24,0,1,,0,4.00,,4370781.0,"{'currentConfirmedIncr': 0, 'confirmedIncr': 0, 'curedIncr': 0, 'deadIncr': 0}",0,2020-07-10 00:09:30,yehao,10,库拉索岛,,False,0.0,https://file1.dxycdn.com/2020/0317/893/3402535572974445672-135.json,0,
,,24,,0,亚洲,Tinor-Leste,TLS,2,2020-07-10 00:09:30,0,0,24,0,0,,0,0.00,,4370848.0,"{'currentConfirmedIncr': 0, 'confirmedIncr': 0, 'curedIncr': 0, 'deadIncr': 0}",952004,2020-07-10 00:09:30,yehao,10,东帝汶,,False,0.0,https://file1.dxycdn.com/2020/0322/192/3403423200980673679-135.json,0,
,,23,,0,北美洲,Grenada,GRD,2,2020-07-10 00:09:30,0,0,23,0,0,,0,0.00,,4370865.0,"{'currentConfirmedIncr': 0, 'confirmedIncr': 0, 'curedIncr': 0, 'deadIncr': 0}",0,2020-07-10 00:09:30,yehao,10,格林那达,,False,0.0,https://file1.dxycdn.com/2020/0324/601/3403794292597755143-135.json,0,
,,22,,0,北美洲,Saint Lucia,LCA,2,2020-07-10 00:09:30,0,0,22,0,0,,0,0.00,,4370779.0,"{'currentConfirmedIncr': 0, 'confirmedIncr': 0, 'curedIncr': 0, 'deadIncr': 0}",974011,2020-07-10 00:09:30,yehao,10,圣卢西亚,,False,0.0,https://file1.dxycdn.com/2020/0317/755/3402535592301799597-135.json,0,
,,21,,0,大洋洲,The Republic of Fiji,FJI,2,2020-07-10 00:09:30,0,0,21,0,0,,0,0.00,,4370817.0,"{'currentConfirmedIncr': 0, 'confirmedIncr': 0, 'curedIncr': 0, 'deadIncr': 0}",990002,2020-07-10 00:09:30,yehao,10,斐济,,False,0.0,https://file1.dxycdn.com/2020/0320/440/3403052105069099849-135.json,0,
,,21,,0,大洋洲,New Caledonia,NCL,2,2020-07-10 00:09:30,0,0,21,0,0,,0,0.00,,4370846.0,"{'currentConfirmedIncr': 0, 'confirmedIncr': 0, 'curedIncr': 0, 'deadIncr': 0}",0,2020-07-10 00:09:30,yehao,10,新喀里多尼亚,,False,0.0,https://file1.dxycdn.com/2020/0321/445/3403237656246202288-135.json,0,
,,141,176.0,0,亚洲,Cambodia,KHM,2,2020-07-10 00:09:29,122,0,19,0,0,175.0,0,0.00,175.0,4370260.0,"{'currentConfirmedIncr': 0, 'confirmedIncr': 0, 'curedIncr': 0, 'deadIncr': 0}",952003,2020-07-10 00:09:29,yehao,10,柬埔寨,,True,0.0,https://file1.dxycdn.com/2020/0315/664/3402160527840261727-135.json,0,
,,19,,0,亚洲,Laos,LAO,2,2020-07-10 00:09:30,0,0,19,0,0,,0,0.00,,4370867.0,"{'currentConfirmedIncr': 0, 'confirmedIncr': 0, 'curedIncr': 0, 'deadIncr': 0}",952006,2020-07-10 00:09:30,yehao,10,老挝,,False,0.0,https://file1.dxycdn.com/2020/0325/227/3403979839479981624-135.json,0,
,,18,,0,北美洲,Dominica,DMA,2,2020-07-10 00:09:30,0,0,18,0,0,,0,0.00,,4370869.0,"{'currentConfirmedIncr': 0, 'confirmedIncr': 0, 'curedIncr': 0, 'deadIncr': 0}",974005,2020-07-10 00:09:30,yehao,10,多米尼克,,False,0.0,https://file1.dxycdn.com/2020/0325/162/3403979839479547471-135.json,0,
,,16,,0,北美洲,Saint Kitts and Nevis,KNA,2,2020-07-10 00:09:30,0,0,16,0,0,,0,0.00,,4370874.0,"{'currentConfirmedIncr': 0, 'confirmedIncr': 0, 'curedIncr': 0, 'deadIncr': 0}",0,2020-07-10 00:09:30,yehao,10,圣其茨和尼维斯,,False,0.0,https://file1.dxycdn.com/2020/0327/418/3404350922506635659-135.json,0,
,,85,,0,欧洲,Liechtenstein,LIE,2,2020-07-10 00:09:29,69,0,15,0,1,,0,1.17,,4370430.0,"{'currentConfirmedIncr': 0, 'confirmedIncr': 0, 'curedIncr': 0, 'deadIncr': 0}",963005,2020-07-10 00:09:29,yehao,10,列支敦士登,,False,0.0,https://file1.dxycdn.com/2020/0315/312/3402160514955359362-135.json,0,
,,13,,0,北美洲,Greenland,GRL,2,2020-07-10 00:09:30,0,0,13,0,0,,0,0.00,,4370775.0,"{'currentConfirmedIncr': 0, 'confirmedIncr': 0, 'curedIncr': 0, 'deadIncr': 0}",0,2020-07-10 00:09:30,yehao,10,格陵兰,,False,0.0,https://file1.dxycdn.com/2020/0320/865/3403052100773836376-135.json,0,
,,13,,0,南美洲,Falkland Islands,FLK,2,2020-07-10 00:09:30,0,0,13,0,0,,0,0.00,,4370903.0,"{'currentConfirmedIncr': 0, 'confirmedIncr': 0, 'curedIncr': 0, 'deadIncr': 0}",0,2020-07-10 00:09:30,yehao,10,福克兰群岛,,False,0.0,https://file1.dxycdn.com/2020/0406/989/3406206348378627968-135.json,0,
,,12,,0,欧洲,Holy See,VAT,2,2020-07-10 00:09:29,0,0,12,0,0,,0,0.00,,4370510.0,"{'currentConfirmedIncr': 0, 'confirmedIncr': 0, 'curedIncr': 0, 'deadIncr': 0}",965017,2020-07-10 00:09:29,yehao,10,梵蒂冈,,False,0.0,https://file1.dxycdn.com/2020/0315/719/3402160489185554691-135.json,0,
,,11,,0,大洋洲,Papua New Guinea,PNG,2,2020-07-10 00:09:30,0,0,11,0,0,,0,0.00,,4370853.0,"{'currentConfirmedIncr': 0, 'confirmedIncr': 0, 'curedIncr': 0, 'deadIncr': 0}",990009,2020-07-10 00:09:30,yehao,10,巴布亚新几内亚,,False,0.0,https://file1.dxycdn.com/2020/0322/772/3403423200980799180-135.json,0,
,,11,,0,北美洲,Montserrat,MS,2,2020-07-10 00:09:30,0,0,10,0,1,,0,9.09,,4370857.0,"{'currentConfirmedIncr': 0, 'confirmedIncr': 0, 'curedIncr': 0, 'deadIncr': 0}",0,2020-07-10 00:09:30,yehao,10,蒙特塞拉特,,False,0.0,https://file1.dxycdn.com/2020/0323/017/3403608739273213039-135.json,0,
,,342,158.0,0,非洲,Mauritius,MUS,2,2020-07-10 00:09:30,325,0,7,0,10,154.0,0,2.92,72.0,4370812.0,"{'currentConfirmedIncr': 0, 'confirmedIncr': 0, 'curedIncr': 0, 'deadIncr': 0}",984014,2020-07-10 00:09:30,yehao,10,毛里求斯,,True,0.0,https://file1.dxycdn.com/2020/0320/751/3403052105069099803-135.json,0,
,,141,176.0,0,亚洲,Brunei Darussalam,BRN,2,2020-07-10 00:09:29,131,0,7,0,3,167.0,0,2.12,99.0,4370571.0,"{'currentConfirmedIncr': 0, 'confirmedIncr': 0, 'curedIncr': 0, 'deadIncr': 0}",952002,2020-07-10 00:09:29,yehao,10,文莱,,True,0.0,https://file1.dxycdn.com/2020/0315/199/3402160540725164222-135.json,0,
,,8,,0,北美洲,"VirginIslands,British",VG,2,2020-07-10 00:09:30,0,0,7,0,1,,0,12.50,,4370891.0,"{'currentConfirmedIncr': 0, 'confirmedIncr': 0, 'curedIncr': 0, 'deadIncr': 0}",0,2020-07-10 00:09:30,yehao,10,英属维尔京群岛,,False,0.0,https://file1.dxycdn.com/2020/0328/125/3404536465093935059-135.json,0,
,,7,,0,南美洲,"Bonaire, Sint Eustatius and Saba",BES,2,2020-07-10 00:09:30,0,0,7,0,0,,0,0.00,,4370901.0,"{'currentConfirmedIncr': 0, 'confirmedIncr': 0, 'curedIncr': 0, 'deadIncr': 0}",0,2020-07-10 00:09:30,yehao,10,荷兰加勒比地区,,False,0.0,https://file1.dxycdn.com/2020/0405/351/3406020801496170129-135.json,0,
,,6,,0,北美洲,Saint Barthelemy,BL,2,2020-07-10 00:09:30,0,0,6,0,0,,0,0.00,,4370780.0,"{'currentConfirmedIncr': 0, 'confirmedIncr': 0, 'curedIncr': 0, 'deadIncr': 0}",0,2020-07-10 00:09:30,yehao,10,圣巴泰勒米岛,,False,0.0,https://file1.dxycdn.com/2020/0317/743/3402535562237228754-135.json,0,
,,3,,0,北美洲,Anguilla,AI,2,2020-07-10 00:09:30,0,0,3,0,0,,0,0.00,,4370890.0,"{'currentConfirmedIncr': 0, 'confirmedIncr': 0, 'curedIncr': 0, 'deadIncr': 0}",0,2020-07-10 00:09:30,yehao,10,安圭拉,,False,0.0,https://file1.dxycdn.com/2020/0328/700/3404536465093591382-135.json,0,
,,1,,0,北美洲,Saint Pierre and Miquelon,SPM,2,2020-07-10 00:09:30,0,0,1,0,0,,0,0.00,,4370906.0,"{'currentConfirmedIncr': 0, 'confirmedIncr': 0, 'curedIncr': 0, 'deadIncr': 0}",0,2020-07-10 00:09:30,yehao,10,圣皮埃尔和密克隆群岛,,False,0.0,https://file1.dxycdn.com/2020/0409/335/3406762986877325512-135.json,0,
,,1187,127.0,0,大洋洲,New Zealand,NZL,2,2020-07-10 00:09:29,1347,0,-182,0,22,132.0,0,1.85,109.0,4370320.0,"{'currentConfirmedIncr': 0, 'confirmedIncr': 0, 'curedIncr': 0, 'deadIncr': 0}",990007,2020-07-10 00:09:29,yehao,10,新西兰,,True,0.0,https://file1.dxycdn.com/2020/0315/194/3402160489185731566-135.json,4,
